,open,high,low,close,volume
2018-05-06,0.82200,0.84162,0.80100,0.82669,
2018-05-07,0.82629,0.84795,0.79208,0.80667,
2018-05-08,0.80667,0.81764,0.76000,0.79481,
2018-05-09,0.79481,0.80468,0.74262,0.74926,
2018-05-10,0.74567,0.75602,0.64842,0.67496,
2018-05-11,0.67897,0.70999,0.62557,0.68068,
2018-05-12,0.68521,0.74888,0.66456,0.73109,
2018-05-13,0.72915,0.74877,0.68750,0.72694,
2018-05-14,0.72781,0.74801,0.68194,0.68900,
2018-05-15,0.68900,0.71094,0.65804,0.70708,
2018-05-16,0.70942,0.71065,0.65014,0.65803,
2018-05-17,0.65849,0.68255,0.64600,0.67766,
2018-05-18,0.67636,0.69097,0.66111,0.67493,
2018-05-19,0.67267,0.70598,0.66800,0.69949,
2018-05-20,0.69940,0.70500,0.66939,0.67612,
2018-05-21,0.67631,0.67815,0.63500,0.63824,
2018-05-22,0.63782,0.64488,0.57400,0.59053,
2018-05-23,0.59189,0.63791,0.57635,0.62830,
2018-05-24,0.63000,0.63331,0.59392,0.60459,
2018-05-25,0.60581,0.62613,0.59771,0.60851,
2018-05-26,0.60856,0.61163,0.59779,0.60416,
2018-05-27,0.60417,0.60800,0.54526,0.54526,
2018-05-28,0.54692,0.60893,0.54403,0.59945,
2018-05-29,0.59771,0.62497,0.58102,0.60051,
2018-05-30,0.60139,0.62255,0.59009,0.61153,
2018-05-31,0.61101,0.62382,0.60512,0.62151,
2018-06-01,0.62151,0.65104,0.61515,0.64269,
2018-06-02,0.64299,0.69010,0.63928,0.69010,
2018-06-03,0.69100,0.70462,0.63510,0.65519,
2018-06-04,0.65517,0.68506,0.63289,0.67507,
2018-06-05,0.67508,0.68277,0.65458,0.67338,
2018-06-06,0.67380,0.68935,0.67091,0.67755,
2018-06-07,0.67755,0.67998,0.65837,0.67201,
2018-06-08,0.67300,0.67963,0.65542,0.65746,
2018-06-09,0.65662,0.65662,0.55179,0.58179,
2018-06-10,0.58179,0.60000,0.56004,0.59989,
2018-06-11,0.59900,0.59900,0.54495,0.55504,
2018-06-12,0.55560,0.56124,0.50401,0.52850,
2018-06-13,0.52862,0.56868,0.52051,0.55769,
2018-06-14,0.55696,0.55800,0.52515,0.53200,
2018-06-15,0.53258,0.53779,0.51761,0.53276,
2018-06-16,0.53189,0.54022,0.52150,0.52550,
2018-06-17,0.52699,0.55199,0.50855,0.53854,
2018-06-18,0.53889,0.56125,0.53453,0.54920,
2018-06-19,0.54834,0.55187,0.52397,0.53917,
2018-06-20,0.53987,0.54836,0.52967,0.53457,
2018-06-21,0.53375,0.53504,0.46911,0.48199,
2018-06-22,0.48216,0.49433,0.47333,0.48871,
2018-06-23,0.49005,0.49470,0.43858,0.47334,
2018-06-24,0.47418,0.49153,0.47177,0.48125,
2018-06-25,0.48124,0.48235,0.45112,0.45344,
2018-06-26,0.45300,0.47503,0.44808,0.47010,
2018-06-27,0.47002,0.47396,0.44278,0.44705,
2018-06-28,0.44575,0.45963,0.42411,0.45321,
2018-06-29,0.45420,0.48318,0.45325,0.46795,
2018-06-30,0.46796,0.46981,0.45071,0.46221,
2018-07-01,0.46282,0.49500,0.45282,0.48961,
2018-07-02,0.48913,0.51946,0.47850,0.48439,
2018-07-03,0.48431,0.50640,0.47941,0.49117,
2018-07-04,0.49097,0.50056,0.46902,0.47690,
2018-07-05,0.47772,0.48156,0.45902,0.47698,
2018-07-06,0.47698,0.48644,0.46393,0.48494,
2018-07-07,0.48659,0.48757,0.47526,0.47915,
2018-07-08,0.47777,0.48152,0.47039,0.47300,
2018-07-09,0.47332,0.47332,0.43928,0.44337,
2018-07-10,0.44246,0.45117,0.43957,0.44910,
2018-07-11,0.44932,0.44932,0.42407,0.43659,
2018-07-12,0.43675,0.44505,0.43077,0.43827,
2018-07-13,0.43754,0.44187,0.43241,0.43864,
2018-07-14,0.43864,0.44995,0.43509,0.44710,
2018-07-15,0.44682,0.48449,0.44350,0.48172,
2018-07-16,0.48175,0.52000,0.46920,0.50728,
2018-07-17,0.50651,0.52466,0.47573,0.48770,
2018-07-18,0.48870,0.49460,0.47170,0.47682,
2018-07-19,0.47721,0.47724,0.43100,0.44439,
2018-07-20,0.44447,0.45900,0.43472,0.45508,
2018-07-21,0.45506,0.46341,0.44742,0.44858,
2018-07-22,0.44859,0.46326,0.44301,0.44502,
2018-07-23,0.44520,0.46940,0.43823,0.45941,
2018-07-24,0.45885,0.46846,0.45174,0.45983,
2018-07-25,0.45867,0.46882,0.44606,0.44968,
2018-07-26,0.44883,0.46094,0.44418,0.45550,
2018-07-27,0.45550,0.45689,0.44803,0.45578,
2018-07-28,0.45799,0.45840,0.45001,0.45314,
2018-07-29,0.45316,0.45588,0.43461,0.44549,
2018-07-30,0.44610,0.44639,0.42687,0.43426,
2018-07-31,0.43530,0.46249,0.42681,0.44643,
2018-08-01,0.44705,0.44855,0.42900,0.43020,
2018-08-02,0.43015,0.44604,0.42552,0.44033,
2018-08-03,0.44054,0.44450,0.42742,0.42985,
2018-08-04,0.42984,0.43666,0.42729,0.43451,
2018-08-05,0.43429,0.43689,0.40216,0.41290,
2018-08-06,0.41269,0.41558,0.37517,0.37863,
2018-08-07,0.37814,0.37852,0.32018,0.33158,
2018-08-08,0.33145,0.35756,0.32804,0.34410,
2018-08-09,0.34408,0.34624,0.31324,0.31901,
2018-08-10,0.31889,0.31951,0.28780,0.29760,
2018-08-11,0.29705,0.30855,0.29458,0.29547,
2018-08-12,0.29547,0.30887,0.27159,0.27430,
2018-08-13,0.27431,0.27732,0.24718,0.27278,
2018-08-14,0.27250,0.30233,0.27250,0.28046,
2018-08-15,0.27975,0.30184,0.27556,0.29142,
2018-08-16,0.29164,0.37474,0.29130,0.36773,
2018-08-17,0.36725,0.36999,0.31324,0.32791,
2018-08-18,0.32829,0.35276,0.31880,0.34202,
2018-08-19,0.34080,0.35083,0.31364,0.31415,
2018-08-20,0.31559,0.33717,0.31302,0.33398,
2018-08-21,0.33338,0.35432,0.31118,0.31803,
2018-08-22,0.31850,0.32855,0.31401,0.32630,
2018-08-23,0.32630,0.32890,0.31578,0.32692,
2018-08-24,0.32646,0.33157,0.32206,0.32702,
2018-08-25,0.32764,0.32837,0.31800,0.32276,
2018-08-26,0.32340,0.34060,0.32150,0.33920,
2018-08-27,0.33896,0.35770,0.33423,0.35129,
2018-08-28,0.35128,0.35479,0.33830,0.34499,
2018-08-29,0.34424,0.34660,0.32273,0.33498,
2018-08-30,0.33518,0.34060,0.32775,0.33461,
2018-08-31,0.33530,0.35468,0.33476,0.34699,
2018-09-01,0.34677,0.34903,0.33556,0.34226,
2018-09-02,0.34253,0.34375,0.33308,0.33491,
2018-09-03,0.33454,0.34100,0.32882,0.33116,
2018-09-04,0.33116,0.33397,0.27741,0.27887,
2018-09-05,0.27899,0.30505,0.26831,0.30180,
2018-09-06,0.30179,0.30405,0.28111,0.28672,
2018-09-07,0.28690,0.29385,0.26891,0.27660,
2018-09-08,0.27665,0.29057,0.27100,0.27630,
2018-09-09,0.27699,0.28260,0.25995,0.26997,
2018-09-10,0.26996,0.27460,0.25261,0.26321,
2018-09-11,0.26314,0.27354,0.25338,0.26990,
2018-09-12,0.26959,0.28576,0.26778,0.27960,
2018-09-13,0.27961,0.28505,0.27162,0.27598,
2018-09-14,0.27610,0.28456,0.27541,0.28031,
2018-09-15,0.28030,0.28225,0.27403,0.28122,
2018-09-16,0.28124,0.28365,0.26690,0.27060,
2018-09-17,0.27039,0.33600,0.26926,0.31981,
2018-09-18,0.31863,0.33555,0.31097,0.32680,
2018-09-19,0.32724,0.49118,0.32104,0.44850,
2018-09-20,0.45002,0.79898,0.42798,0.56324,
2018-09-21,0.56400,0.62976,0.49101,0.57368,
2018-09-22,0.57261,0.59908,0.55705,0.57190,
2018-09-23,0.57199,0.58267,0.48318,0.49250,
2018-09-24,0.49196,0.54776,0.43670,0.52569,
2018-09-25,0.52627,0.57162,0.48594,0.51330,
2018-09-26,0.51300,0.55362,0.50695,0.54307,
2018-09-27,0.54249,0.55000,0.51680,0.54026,
2018-09-28,0.54048,0.59300,0.52598,0.56965,
2018-09-29,0.56808,0.62124,0.56000,0.58378,
2018-09-30,0.58195,0.60522,0.53252,0.57760,
2018-10-01,0.57770,0.58018,0.51550,0.51700,
2018-10-02,0.51739,0.53741,0.50802,0.52961,
2018-10-03,0.52903,0.54974,0.52590,0.52940,
2018-10-04,0.52885,0.53326,0.51054,0.52123,
2018-10-05,0.52109,0.52247,0.46886,0.48964,
2018-10-06,0.48945,0.49103,0.46813,0.48250,
2018-10-07,0.48256,0.50032,0.47987,0.49302,
2018-10-08,0.49303,0.49380,0.47116,0.48171,
2018-10-09,0.48091,0.48119,0.46239,0.46606,
2018-10-10,0.46600,0.46600,0.37853,0.38287,
2018-10-11,0.38408,0.44707,0.37832,0.42099,
2018-10-12,0.41873,0.43099,0.41700,0.42237,
2018-10-13,0.42248,0.43002,0.40405,0.40900,
2018-10-14,0.40708,0.51928,0.39905,0.46178,
2018-10-15,0.46101,0.48771,0.45600,0.48522,
2018-10-16,0.48430,0.49771,0.47250,0.48453,
2018-10-17,0.48336,0.49391,0.45670,0.46779,
2018-10-18,0.46855,0.47258,0.45832,0.46094,
2018-10-19,0.46068,0.47230,0.45634,0.46788,
2018-10-20,0.46772,0.47355,0.46357,0.46456,
2018-10-21,0.46458,0.46886,0.45629,0.46188,
2018-10-22,0.46222,0.48503,0.44497,0.47024,
2018-10-23,0.47014,0.47763,0.46021,0.46402,
2018-10-24,0.46400,0.47260,0.45699,0.46392,
2018-10-25,0.46391,0.47000,0.45947,0.46657,
2018-10-26,0.46692,0.46796,0.45772,0.46012,
2018-10-27,0.46012,0.46644,0.45855,0.46461,
2018-10-28,0.46503,0.46503,0.43500,0.44506,
2018-10-29,0.44506,0.45363,0.44423,0.44749,
2018-10-30,0.44749,0.45999,0.43786,0.45418,
2018-10-31,0.45446,0.46141,0.45052,0.46141,
2018-11-01,0.46137,0.46711,0.45910,0.46251,
2018-11-02,0.46280,0.46445,0.45530,0.45713,
2018-11-03,0.45713,0.47959,0.44957,0.47029,
2018-11-04,0.46999,0.50517,0.46393,0.50200,
2018-11-05,0.50200,0.56706,0.50197,0.55434,
2018-11-06,0.55522,0.55522,0.52753,0.54074,
2018-11-07,0.54090,0.54680,0.49379,0.49694,
2018-11-08,0.49669,0.52179,0.49629,0.50481,
2018-11-09,0.50441,0.51748,0.50350,0.50957,
2018-11-10,0.50941,0.51214,0.49801,0.51036,
2018-11-11,0.51266,0.53410,0.50531,0.52400,
2018-11-12,0.52361,0.53409,0.51168,0.51768,
2018-11-13,0.51714,0.52009,0.42438,0.48438,
2018-11-14,0.48421,0.49440,0.43187,0.48936,
2018-11-15,0.48747,0.49530,0.46525,0.47762,
2018-11-16,0.47770,0.50425,0.47039,0.49892,
2018-11-17,0.49849,0.53169,0.49580,0.51679,
2018-11-18,0.51516,0.51516,0.46867,0.48232,
2018-11-19,0.48299,0.50806,0.41303,0.44318,
2018-11-20,0.44455,0.46795,0.41963,0.45341,
2018-11-21,0.45496,0.45702,0.42507,0.42666,
2018-11-22,0.42674,0.43361,0.39898,0.41447,
2018-11-23,0.41500,0.42779,0.37046,0.37994,
2018-11-24,0.37990,0.39595,0.32900,0.38263,
2018-11-25,0.38350,0.39855,0.34696,0.36339,
2018-11-26,0.36382,0.37534,0.34679,0.36588,
2018-11-27,0.36542,0.40261,0.36542,0.39203,
2018-11-28,0.39256,0.39479,0.37297,0.38133,
2018-11-29,0.38259,0.38300,0.35511,0.36466,
2018-11-30,0.36483,0.37844,0.35730,0.37217,
2018-12-01,0.37201,0.37990,0.36600,0.36900,
2018-12-02,0.36963,0.37047,0.34564,0.34857,
2018-12-03,0.34870,0.36224,0.33946,0.35237,
2018-12-04,0.35223,0.35405,0.33822,0.33885,
2018-12-05,0.33908,0.34508,0.30755,0.30960,
2018-12-06,0.30924,0.31090,0.28781,0.30100,
2018-12-07,0.30100,0.32125,0.29187,0.30236,
2018-12-08,0.30241,0.31887,0.29839,0.30901,
2018-12-09,0.30951,0.31313,0.29487,0.29955,
2018-12-10,0.29956,0.30980,0.29508,0.29904,
2018-12-11,0.30017,0.31000,0.29890,0.30482,
2018-12-12,0.30462,0.30569,0.29565,0.29945,
2018-12-13,0.29950,0.30000,0.28340,0.28817,
2018-12-14,0.28795,0.29145,0.28050,0.28451,
2018-12-15,0.28437,0.29524,0.28401,0.28669,
2018-12-16,0.28673,0.33580,0.28517,0.32753,
2018-12-17,0.32772,0.34970,0.32223,0.34970,
2018-12-18,0.35211,0.39218,0.34215,0.34515,
2018-12-19,0.34357,0.38328,0.33952,0.37265,
2018-12-20,0.37213,0.38255,0.34854,0.35429,
2018-12-21,0.35429,0.35904,0.34409,0.35661,
2018-12-22,0.35647,0.37740,0.35500,0.36689,
2018-12-23,0.36679,0.44927,0.36679,0.40157,
2018-12-24,0.40080,0.40367,0.36148,0.37597,
2018-12-25,0.37487,0.38783,0.35400,0.37242,
2018-12-26,0.37270,0.37483,0.32593,0.33374,
2018-12-27,0.33360,0.37520,0.32896,0.37024,
2018-12-28,0.37070,0.37886,0.35439,0.35604,
2018-12-29,0.35707,0.36500,0.35132,0.36489,
2018-12-30,0.36567,0.36903,0.34455,0.34838,
2018-12-31,0.34865,0.36051,0.34550,0.36047,
2019-01-01,0.36133,0.37449,0.35379,0.36875,
2019-01-02,0.36847,0.36884,0.34841,0.35232,
2019-01-03,0.35240,0.35778,0.34400,0.35299,
2019-01-04,0.35331,0.35864,0.34638,0.34856,
2019-01-05,0.34850,0.36404,0.34545,0.36017,
2019-01-06,0.36024,0.37200,0.35745,0.36015,
2019-01-07,0.36008,0.36658,0.35516,0.36074,
2019-01-08,0.36119,0.36865,0.35861,0.36436,
2019-01-09,0.36479,0.37858,0.31618,0.32490,
2019-01-10,0.32467,0.33174,0.31950,0.32591,
2019-01-11,0.32552,0.32962,0.32217,0.32559,
2019-01-12,0.32509,0.32925,0.30940,0.31119,
2019-01-13,0.31139,0.33451,0.31120,0.32863,
2019-01-14,0.32865,0.33160,0.31647,0.32185,
2019-01-15,0.32140,0.33120,0.32014,0.32543,
2019-01-16,0.32618,0.32771,0.31994,0.32518,
2019-01-17,0.32479,0.32537,0.31643,0.32045,
2019-01-18,0.32165,0.33210,0.31927,0.32679,
2019-01-19,0.32671,0.32861,0.31197,0.31653,
2019-01-20,0.31739,0.32151,0.31312,0.31769,
2019-01-21,0.31780,0.32000,0.30678,0.31764,
2019-01-22,0.31734,0.31932,0.31212,0.31406,
2019-01-23,0.31408,0.31782,0.31275,0.31592,
2019-01-24,0.31607,0.31693,0.31061,0.31399,
2019-01-25,0.31391,0.31861,0.31216,0.31259,
2019-01-26,0.31250,0.31400,0.30369,0.30662,
2019-01-27,0.30639,0.30746,0.28092,0.29221,
2019-01-28,0.29227,0.29380,0.28192,0.28710,
2019-01-29,0.28692,0.32646,0.28496,0.32114,
2019-01-30,0.32109,0.33545,0.30367,0.30875,
2019-01-31,0.30931,0.31190,0.29607,0.30646,
2019-02-01,0.30652,0.31317,0.30433,0.31032,
2019-02-02,0.31112,0.31200,0.29751,0.30202,
2019-02-03,0.30216,0.30546,0.29764,0.29939,
2019-02-04,0.29907,0.30197,0.29662,0.29942,
2019-02-05,0.29973,0.30065,0.28888,0.28945,
2019-02-06,0.28953,0.29456,0.28915,0.29141,
2019-02-07,0.29141,0.31980,0.28952,0.31200,
2019-02-08,0.31209,0.31610,0.30762,0.31217,
2019-02-09,0.31255,0.31271,0.29894,0.30978,
2019-02-10,0.30968,0.31011,0.30151,0.30248,
2019-02-11,0.30241,0.30809,0.29795,0.30515,
2019-02-12,0.30504,0.31340,0.30123,0.30375,
2019-02-13,0.30385,0.30555,0.29981,0.30083,
2019-02-14,0.30060,0.30617,0.29818,0.30188,
2019-02-15,0.30200,0.30361,0.29982,0.30077,
2019-02-16,0.30044,0.30712,0.29880,0.30309,
2019-02-17,0.30331,0.32833,0.30193,0.32209,
2019-02-18,0.32170,0.34751,0.31885,0.32238,
2019-02-19,0.32251,0.33468,0.31700,0.33157,
2019-02-20,0.33129,0.33250,0.31707,0.32058,
2019-02-21,0.32074,0.32331,0.31651,0.32107,
2019-02-22,0.32103,0.33350,0.31779,0.33217,
2019-02-23,0.33213,0.34339,0.29428,0.29722,
2019-02-24,0.29742,0.33960,0.29726,0.32739,
2019-02-25,0.32744,0.33402,0.31399,0.31699,
2019-02-26,0.31658,0.31864,0.30200,0.31060,
2019-02-27,0.31069,0.31694,0.30668,0.31389,
2019-02-28,0.31375,0.32354,0.31167,0.31562,
2019-03-01,0.31576,0.31809,0.31007,0.31383,
2019-03-02,0.31374,0.31529,0.30867,0.31115,
2019-03-03,0.31115,0.31222,0.29749,0.30198,
2019-03-04,0.30221,0.31751,0.30082,0.31475,
2019-03-05,0.31482,0.32135,0.30988,0.31628,
2019-03-06,0.31658,0.31914,0.31259,0.31305,
2019-03-07,0.31306,0.31600,0.30501,0.30781,
2019-03-08,0.30780,0.31837,0.30711,0.31390,
2019-03-09,0.31389,0.31700,0.30926,0.31280,
2019-03-10,0.31304,0.31450,0.30743,0.31009,
2019-03-11,0.30994,0.31198,0.30770,0.31035,
2019-03-12,0.31030,0.32480,0.30735,0.31332,
2019-03-13,0.31332,0.31624,0.30636,0.31120,
2019-03-14,0.31127,0.31660,0.31071,0.31479,
2019-03-15,0.31472,0.32237,0.31469,0.31852,
2019-03-16,0.31864,0.31891,0.31416,0.31546,
2019-03-17,0.31544,0.31945,0.31200,0.31454,
2019-03-18,0.31452,0.31650,0.31250,0.31591,
2019-03-19,0.31568,0.32220,0.31172,0.31743,
2019-03-20,0.31782,0.31901,0.30086,0.30980,
2019-03-21,0.30965,0.31251,0.30724,0.31056,
2019-03-22,0.31041,0.31260,0.30888,0.31188,
2019-03-23,0.31145,0.31145,0.30531,0.30795,
2019-03-24,0.30769,0.30799,0.30002,0.30308,
2019-03-25,0.30310,0.30383,0.29452,0.30301,
2019-03-26,0.30295,0.31096,0.30063,0.31010,
2019-03-27,0.31003,0.31003,0.30440,0.30604,
2019-03-28,0.30602,0.31011,0.30480,0.30747,
2019-03-29,0.30774,0.31790,0.30695,0.31099,
2019-03-30,0.31050,0.31163,0.30737,0.30881,
2019-03-31,0.30878,0.31439,0.30780,0.31232,
2019-04-01,0.31233,0.35529,0.31152,0.35050,
2019-04-02,0.35059,0.36999,0.32518,0.34008,
2019-04-03,0.34024,0.34645,0.32500,0.32998,
2019-04-04,0.33011,0.37878,0.33011,0.36129,
2019-04-05,0.36099,0.36200,0.34653,0.35249,
2019-04-06,0.35262,0.36666,0.35065,0.36141,
2019-04-07,0.36129,0.37012,0.34468,0.35562,
2019-04-08,0.35558,0.35558,0.34416,0.34732,
2019-04-09,0.34729,0.35751,0.34640,0.35307,
2019-04-10,0.35356,0.35363,0.31973,0.32721,
2019-04-11,0.32715,0.32799,0.31402,0.32337,
2019-04-12,0.32314,0.33522,0.31983,0.32482,
2019-04-13,0.32459,0.32988,0.32136,0.32764,
2019-04-14,0.32789,0.33165,0.31350,0.31924,
2019-04-15,0.31909,0.32500,0.31564,0.32385,
2019-04-16,0.32413,0.34052,0.31918,0.33435,
2019-04-17,0.33430,0.34635,0.33260,0.33512,
2019-04-18,0.33515,0.33515,0.32636,0.33010,
2019-04-19,0.33010,0.33205,0.32118,0.32670,
2019-04-20,0.32663,0.32815,0.31400,0.31963,
2019-04-21,0.31972,0.33019,0.31667,0.32252,
2019-04-22,0.32238,0.32636,0.31807,0.31807,
2019-04-23,0.31816,0.31919,0.28950,0.29959,
2019-04-24,0.29956,0.30579,0.28503,0.29146,
2019-04-25,0.29139,0.30471,0.28869,0.30335,
2019-04-26,0.30339,0.30497,0.29753,0.29936,
2019-04-27,0.29921,0.30270,0.29535,0.29954,
2019-04-28,0.29947,0.30148,0.28993,0.29277,
2019-04-29,0.29309,0.31220,0.29159,0.30831,
2019-04-30,0.30840,0.30963,0.30001,0.30300,
2019-05-01,0.30316,0.30462,0.30092,0.30211,
2019-05-02,0.30200,0.31047,0.30030,0.30792,
2019-05-03,0.30793,0.31802,0.29728,0.30307,
2019-05-04,0.30304,0.30490,0.29897,0.30024,
2019-05-05,0.30052,0.30722,0.29517,0.30285,
2019-05-06,0.30310,0.30712,0.29780,0.29833,
2019-05-07,0.29815,0.30228,0.29567,0.29949,
2019-05-08,0.29961,0.30182,0.29201,0.29474,
2019-05-09,0.29465,0.30159,0.29109,0.29888,
2019-05-10,0.29855,0.33673,0.29828,0.31816,
2019-05-11,0.31700,0.32941,0.30333,0.31028,
2019-05-12,0.31020,0.32883,0.30820,0.32370,
2019-05-13,0.32397,0.43290,0.32203,0.40900,
2019-05-14,0.41046,0.46697,0.40880,0.45744,
2019-05-15,0.45850,0.47791,0.39484,0.41837,
2019-05-16,0.41871,0.42279,0.36058,0.38913,
2019-05-17,0.38830,0.39525,0.36446,0.37188,
2019-05-18,0.37115,0.42769,0.37017,0.41670,
2019-05-19,0.41619,0.41619,0.37965,0.39647,
2019-05-20,0.39624,0.40643,0.38587,0.39500,
2019-05-21,0.39488,0.41064,0.36866,0.37123,
2019-05-22,0.37038,0.38245,0.36119,0.37922,
2019-05-23,0.37939,0.39270,0.37040,0.38298,
2019-05-24,0.38244,0.39300,0.38061,0.38523,
2019-05-25,0.38500,0.41268,0.37443,0.40362,
2019-05-26,0.40341,0.44538,0.40227,0.43340,
2019-05-27,0.43351,0.45967,0.41778,0.44900,
2019-05-28,0.44830,0.45596,0.42047,0.44255,
2019-05-29,0.44288,0.47222,0.40299,0.41807,
2019-05-30,0.41767,0.44075,0.40824,0.43841,
2019-05-31,0.43814,0.44161,0.41760,0.42872,
2019-06-01,0.42851,0.44673,0.42776,0.44408,
2019-06-02,0.44409,0.46341,0.41771,0.41771,
2019-06-03,0.41302,0.41919,0.38433,0.39848,
2019-06-04,0.39947,0.40563,0.38784,0.40014,
2019-06-05,0.39985,0.42511,0.39050,0.41933,
2019-06-06,0.42000,0.42995,0.41425,0.41933,
2019-06-07,0.41868,0.42221,0.40240,0.40696,
2019-06-08,0.40758,0.41025,0.37021,0.38571,
2019-06-09,0.38506,0.40284,0.37994,0.40002,
2019-06-10,0.40011,0.40160,0.38270,0.39209,
2019-06-11,0.39203,0.40150,0.38742,0.40094,
2019-06-12,0.40077,0.40800,0.39495,0.39889,
2019-06-13,0.39889,0.40345,0.39052,0.40210,
2019-06-14,0.40200,0.41191,0.40064,0.40937,
2019-06-15,0.40947,0.44076,0.40642,0.42722,
2019-06-16,0.42704,0.46256,0.42538,0.44719,
2019-06-17,0.44719,0.45479,0.42004,0.42729,
2019-06-18,0.42679,0.43818,0.42393,0.43431,
2019-06-19,0.43404,0.43573,0.42047,0.42948,
2019-06-20,0.42999,0.44802,0.42974,0.44243,
2019-06-21,0.44138,0.50731,0.43760,0.47718,
2019-06-22,0.47693,0.49271,0.46500,0.47043,
2019-06-23,0.46994,0.47585,0.45105,0.47379,
2019-06-24,0.47352,0.47624,0.45777,0.46841,
2019-06-25,0.46848,0.49624,0.45413,0.46818,
2019-06-26,0.46797,0.47141,0.39579,0.41039,
2019-06-27,0.41026,0.42716,0.40606,0.42648,
2019-06-28,0.42592,0.42968,0.40483,0.42611,
2019-06-29,0.42710,0.42836,0.39543,0.39618,
2019-06-30,0.39638,0.42122,0.39000,0.40689,
2019-07-01,0.40710,0.41062,0.38491,0.39833,
2019-07-02,0.39833,0.40607,0.39421,0.40465,
2019-07-03,0.40458,0.40520,0.38517,0.38743,
2019-07-04,0.38647,0.38812,0.37453,0.37860,
2019-07-05,0.37834,0.40910,0.37834,0.39041,
2019-07-06,0.39064,0.39971,0.38720,0.39636,
2019-07-07,0.39651,0.40294,0.39159,0.40120,
2019-07-08,0.40066,0.40687,0.38921,0.39310,
2019-07-09,0.39346,0.39620,0.34677,0.36147,
2019-07-10,0.36107,0.36243,0.31890,0.32874,
2019-07-11,0.32793,0.34847,0.32014,0.34321,
2019-07-12,0.34318,0.34420,0.32400,0.33185,
2019-07-13,0.33229,0.33511,0.30028,0.30507,
2019-07-14,0.30360,0.32307,0.29500,0.31287,
2019-07-15,0.31272,0.31945,0.28647,0.29527,
2019-07-16,0.29590,0.32351,0.29319,0.31005,
2019-07-17,0.31034,0.32595,0.30378,0.32026,
2019-07-18,0.32044,0.32214,0.30978,0.31875,
2019-07-19,0.31879,0.34039,0.31859,0.33279,
2019-07-20,0.33193,0.33492,0.32115,0.33090,
2019-07-21,0.33078,0.33206,0.31611,0.32138,
2019-07-22,0.32100,0.32100,0.30615,0.30825,
2019-07-23,0.30860,0.31878,0.30463,0.31524,
2019-07-24,0.31551,0.32248,0.31181,0.31343,
2019-07-25,0.31334,0.32495,0.30722,0.32307,
2019-07-26,0.32292,0.32552,0.30550,0.30977,
2019-07-27,0.30948,0.31348,0.30077,0.31180,
2019-07-28,0.31216,0.31435,0.30726,0.31011,
2019-07-29,0.31005,0.32145,0.30712,0.31822,
2019-07-30,0.31808,0.32306,0.31525,0.31962,
2019-07-31,0.31971,0.31971,0.31167,0.31550,
2019-08-01,0.31572,0.31775,0.30905,0.31168,
2019-08-02,0.31156,0.31743,0.31092,0.31592,
2019-08-03,0.31595,0.32235,0.31181,0.31817,
2019-08-04,0.31820,0.33065,0.31820,0.32218,
2019-08-05,0.32224,0.32379,0.30837,0.31160,
2019-08-06,0.31142,0.31668,0.30834,0.31095,
2019-08-07,0.31109,0.31188,0.30540,0.30837,
2019-08-08,0.30820,0.30885,0.29037,0.29646,
2019-08-09,0.29690,0.30510,0.29284,0.29919,
2019-08-10,0.29913,0.30599,0.29563,0.30349,
2019-08-11,0.30247,0.30492,0.29823,0.30046,
2019-08-12,0.30055,0.30122,0.29318,0.29787,
2019-08-13,0.29785,0.29864,0.24891,0.26338,
2019-08-14,0.26356,0.26834,0.25891,0.26408,
2019-08-15,0.26358,0.26503,0.25515,0.26055,
2019-08-16,0.26029,0.26918,0.25798,0.26543,
2019-08-17,0.26574,0.29133,0.26359,0.28324,
2019-08-18,0.28321,0.29010,0.27574,0.28184,
2019-08-19,0.28199,0.28217,0.27026,0.27397,
2019-08-20,0.27432,0.27432,0.25935,0.26607,
2019-08-21,0.26650,0.27409,0.26066,0.27041,
2019-08-22,0.27024,0.27809,0.26749,0.27676,
2019-08-23,0.27655,0.27726,0.26397,0.27127,
2019-08-24,0.27154,0.27570,0.26612,0.26957,
2019-08-25,0.26975,0.27946,0.26714,0.27051,
2019-08-26,0.27055,0.27063,0.26525,0.26963,
2019-08-27,0.26955,0.26960,0.24796,0.25638,
2019-08-28,0.25629,0.26213,0.24738,0.25699,
2019-08-29,0.25692,0.25760,0.25212,0.25540,
2019-08-30,0.25526,0.25975,0.25307,0.25753,
2019-08-31,0.25740,0.25886,0.25119,0.25590,
2019-09-01,0.25595,0.26397,0.25300,0.26075,
2019-09-02,0.26060,0.26650,0.25786,0.26236,
2019-09-03,0.26237,0.26264,0.25647,0.25843,
2019-09-04,0.25838,0.25922,0.25410,0.25619,
2019-09-05,0.25617,0.25854,0.24790,0.25126,
2019-09-06,0.25114,0.26275,0.25017,0.25991,
2019-09-07,0.25993,0.26582,0.25639,0.26226,
2019-09-08,0.26212,0.26391,0.25649,0.25861,
2019-09-09,0.25861,0.26354,0.25462,0.25857,
2019-09-10,0.25851,0.25992,0.25116,0.25519,
2019-09-11,0.25515,0.25667,0.25091,0.25408,
2019-09-12,0.25413,0.25584,0.25175,0.25514,
2019-09-13,0.25520,0.26516,0.25389,0.26122,
2019-09-14,0.26141,0.26411,0.25874,0.26022,
2019-09-15,0.26018,0.26298,0.25675,0.26106,
2019-09-16,0.26098,0.29722,0.25951,0.28540,
2019-09-17,0.28543,0.32600,0.28520,0.31359,
2019-09-18,0.31311,0.31311,0.28319,0.30030,
2019-09-19,0.30062,0.30151,0.28362,0.29380,
2019-09-20,0.29385,0.29731,0.28647,0.28977,
2019-09-21,0.28969,0.28982,0.27017,0.27638,
2019-09-22,0.27616,0.28616,0.26645,0.26704,
2019-09-23,0.26786,0.27178,0.21800,0.23269,
2019-09-24,0.23270,0.24872,0.23208,0.24564,
2019-09-25,0.24582,0.24990,0.22983,0.24216,
2019-09-26,0.24216,0.24684,0.23350,0.24209,
2019-09-27,0.24216,0.24420,0.23816,0.24181,
2019-09-28,0.24163,0.24227,0.23449,0.24018,
2019-09-29,0.24021,0.26089,0.23566,0.25644,
2019-09-30,0.25690,0.26092,0.24486,0.24795,
2019-10-01,0.24788,0.25444,0.24431,0.25264,
2019-10-02,0.25264,0.25284,0.24209,0.24686,
2019-10-03,0.24683,0.25625,0.24484,0.25247,
2019-10-04,0.25239,0.25620,0.24701,0.25329,
2019-10-05,0.25328,0.25627,0.25081,0.25540,
2019-10-06,0.25545,0.28065,0.25340,0.27578,
2019-10-07,0.27584,0.28487,0.27080,0.27746,
2019-10-08,0.27748,0.28673,0.27366,0.28082,
2019-10-09,0.28098,0.28168,0.26495,0.27019,
2019-10-10,0.27101,0.27478,0.26472,0.26744,
2019-10-11,0.26735,0.27702,0.26735,0.27237,
2019-10-12,0.27236,0.28130,0.27164,0.27743,
2019-10-13,0.27726,0.29779,0.27650,0.29727,
2019-10-14,0.29755,0.29878,0.28313,0.28844,
2019-10-15,0.28839,0.29194,0.27876,0.28336,
2019-10-16,0.28331,0.30300,0.27994,0.30190,
2019-10-17,0.30169,0.30190,0.28502,0.29377,
2019-10-18,0.29387,0.29904,0.28730,0.29134,
2019-10-19,0.29150,0.29600,0.28243,0.29396,
2019-10-20,0.29390,0.29415,0.28827,0.29219,
2019-10-21,0.29185,0.30185,0.28888,0.29035,
2019-10-22,0.29024,0.29119,0.25227,0.27317,
2019-10-23,0.27245,0.27998,0.26650,0.27614,
2019-10-24,0.27603,0.30656,0.27458,0.29829,
2019-10-25,0.29889,0.31160,0.28501,0.29375,
2019-10-26,0.29356,0.30183,0.28944,0.29815,
2019-10-27,0.29829,0.30477,0.29336,0.29429,
2019-10-28,0.29421,0.30892,0.29421,0.30192,
2019-10-29,0.30186,0.30618,0.29058,0.29456,
2019-10-30,0.29489,0.29833,0.28813,0.29442,
2019-10-31,0.29438,0.29450,0.28544,0.29139,
2019-11-01,0.29127,0.29743,0.29125,0.29456,
2019-11-02,0.29482,0.29584,0.28868,0.29033,
2019-11-03,0.29054,0.29979,0.28928,0.29886,
2019-11-04,0.29870,0.30421,0.29590,0.30061,
2019-11-05,0.30094,0.31309,0.29721,0.31035,
2019-11-06,0.31031,0.31408,0.27609,0.29054,
2019-11-07,0.29060,0.29082,0.27152,0.27547,
2019-11-08,0.27521,0.28146,0.27463,0.27990,
2019-11-09,0.27990,0.28400,0.27687,0.27899,
2019-11-10,0.27907,0.28097,0.27032,0.27423,
2019-11-11,0.27412,0.27613,0.26796,0.27211,
2019-11-12,0.27239,0.27533,0.27019,0.27206,
2019-11-13,0.27202,0.27283,0.26377,0.26823,
2019-11-14,0.26795,0.26932,0.25394,0.26069,
2019-11-15,0.26068,0.26382,0.25930,0.26220,
2019-11-16,0.26219,0.26594,0.25971,0.26303,
2019-11-17,0.26292,0.26308,0.24123,0.25179,
2019-11-18,0.25167,0.25637,0.24303,0.25380,
2019-11-19,0.25413,0.25800,0.24817,0.25018,
2019-11-20,0.25014,0.25336,0.23664,0.24346,
2019-11-21,0.24319,0.24583,0.22184,0.23014,
2019-11-22,0.23003,0.23541,0.22541,0.23381,
2019-11-23,0.23406,0.23451,0.21910,0.22000,
2019-11-24,0.22002,0.22500,0.20055,0.21768,
2019-11-25,0.21719,0.22178,0.21343,0.22059,
2019-11-26,0.22051,0.22938,0.21280,0.22413,
2019-11-27,0.22403,0.22925,0.22260,0.22313,
2019-11-28,0.22300,0.23213,0.22263,0.22999,
2019-11-29,0.22998,0.23190,0.22372,0.22550,
2019-11-30,0.22538,0.22538,0.21860,0.22469,
2019-12-01,0.22500,0.22620,0.21753,0.21916,
2019-12-02,0.21904,0.22174,0.21781,0.21945,
2019-12-03,0.21946,0.22344,0.20995,0.21391,
2019-12-04,0.21389,0.22556,0.21208,0.22119,
2019-12-05,0.22103,0.22653,0.21910,0.22552,
2019-12-06,0.22546,0.22785,0.22291,0.22699,
2019-12-07,0.22726,0.23198,0.22374,0.22909,
2019-12-08,0.22909,0.23024,0.22120,0.22445,
2019-12-09,0.22426,0.22510,0.21900,0.22256,
2019-12-10,0.22248,0.22360,0.22008,0.22101,
2019-12-11,0.22098,0.22283,0.21767,0.21839,
2019-12-12,0.21839,0.22062,0.21571,0.22060,
2019-12-13,0.22056,0.22072,0.21480,0.21605,
2019-12-14,0.21625,0.21906,0.21463,0.21735,
2019-12-15,0.21740,0.21747,0.20222,0.20556,
2019-12-16,0.20547,0.20568,0.17897,0.18310,
2019-12-17,0.18309,0.19927,0.17532,0.19573,
2019-12-18,0.19620,0.19690,0.18468,0.18794,
2019-12-19,0.18778,0.19774,0.18405,0.19518,
2019-12-20,0.19526,0.19606,0.19013,0.19143,
2019-12-21,0.19128,0.19665,0.19047,0.19648,
2019-12-22,0.19649,0.19832,0.18815,0.18976,
2019-12-23,0.18953,0.19370,0.18750,0.19080,
2019-12-24,0.19071,0.19134,0.18652,0.18860,
2019-12-25,0.18864,0.19388,0.18726,0.18923,
2019-12-26,0.18924,0.19003,0.18546,0.19003,
2019-12-27,0.18997,0.19466,0.18974,0.19325,
2019-12-28,0.19316,0.19844,0.19087,0.19662,
2019-12-29,0.19630,0.19782,0.19252,0.19327,
2019-12-30,0.19302,0.19396,0.19002,0.19296,
2019-12-31,0.19284,0.19522,0.19226,0.19303,
2020-01-01,0.19293,0.19296,0.18701,0.18744,
2020-01-02,0.18750,0.19373,0.18458,0.19333,
2020-01-03,0.19336,0.19362,0.19127,0.19323,
2020-01-04,0.19305,0.19706,0.19293,0.19456,
2020-01-05,0.19437,0.22352,0.19425,0.22316,
2020-01-06,0.22339,0.22520,0.20712,0.21344,
2020-01-07,0.21345,0.21776,0.20333,0.20760,
2020-01-08,0.20750,0.20873,0.20131,0.20367,
2020-01-09,0.20377,0.21286,0.20050,0.21286,
2020-01-10,0.21288,0.21986,0.20874,0.21145,
2020-01-11,0.21118,0.21687,0.20954,0.21540,
2020-01-12,0.21542,0.21542,0.20999,0.21134,
2020-01-13,0.21134,0.24427,0.21134,0.23515,
2020-01-14,0.23421,0.24319,0.22653,0.23368,
2020-01-15,0.23445,0.23500,0.22256,0.22917,
2020-01-16,0.22941,0.24450,0.22666,0.23926,
2020-01-17,0.23921,0.25404,0.23211,0.24352,
2020-01-18,0.24347,0.25125,0.22790,0.23576,
2020-01-19,0.23559,0.23641,0.22455,0.23310,
2020-01-20,0.23300,0.24182,0.23115,0.23726,
2020-01-21,0.23738,0.23970,0.23302,0.23737,
2020-01-22,0.23733,0.23733,0.22155,0.22590,
2020-01-23,0.22589,0.22626,0.21404,0.22222,
2020-01-24,0.22216,0.22251,0.21679,0.21944,
2020-01-25,0.21907,0.23221,0.21814,0.23123,
2020-01-26,0.23141,0.23390,0.22634,0.23083,
2020-01-27,0.23081,0.24110,0.23081,0.23928,
2020-01-28,0.23920,0.24191,0.23435,0.23552,
2020-01-29,0.23522,0.24667,0.23126,0.24359,
2020-01-30,0.24374,0.24486,0.23374,0.23943,
2020-01-31,0.23943,0.24298,0.23727,0.24140,
2020-02-01,0.24131,0.26110,0.23666,0.25071,
2020-02-02,0.25093,0.25890,0.24724,0.25468,
2020-02-03,0.25455,0.27062,0.24825,0.26738,
2020-02-04,0.26770,0.28211,0.26770,0.27776,
2020-02-05,0.27779,0.28756,0.27092,0.28350,
2020-02-06,0.28353,0.28810,0.27778,0.27963,
2020-02-07,0.27953,0.28200,0.26476,0.27763,
2020-02-08,0.27741,0.28902,0.27651,0.28238,
2020-02-09,0.28254,0.28316,0.26770,0.27342,
2020-02-10,0.27346,0.28331,0.26756,0.28097,
2020-02-11,0.28118,0.30892,0.28118,0.30437,
2020-02-12,0.30408,0.33939,0.30016,0.32722,
2020-02-13,0.32759,0.33890,0.31257,0.33582,
2020-02-14,0.33582,0.34525,0.29706,0.30749,
2020-02-15,0.30729,0.31883,0.27155,0.29287,
2020-02-16,0.29285,0.29491,0.26887,0.28715,
2020-02-17,0.28758,0.30230,0.27552,0.29785,
2020-02-18,0.29835,0.30460,0.27105,0.27490,
2020-02-19,0.27421,0.28143,0.26309,0.27081,
2020-02-20,0.27094,0.27890,0.26864,0.27406,
2020-02-21,0.27424,0.27838,0.27002,0.27491,
2020-02-22,0.27463,0.28465,0.27463,0.28343,
2020-02-23,0.28326,0.28418,0.26434,0.27040,
2020-02-24,0.27047,0.27074,0.25197,0.25227,
2020-02-25,0.25217,0.25508,0.22311,0.22913,
2020-02-26,0.22898,0.24719,0.22400,0.23823,
2020-02-27,0.23913,0.24396,0.22878,0.23675,
2020-02-28,0.23665,0.24225,0.22870,0.22870,
2020-02-29,0.22932,0.23602,0.22442,0.22719,
2020-03-01,0.22681,0.24130,0.22604,0.23942,
2020-03-02,0.23945,0.23949,0.22960,0.23423,
2020-03-03,0.23430,0.23827,0.23046,0.23475,
2020-03-04,0.23456,0.24308,0.23456,0.23904,
2020-03-05,0.23909,0.24614,0.23806,0.24470,
2020-03-06,0.24475,0.24500,0.23515,0.23622,
2020-03-07,0.23566,0.23566,0.20010,0.20393,
2020-03-08,0.20398,0.21126,0.19844,0.20955,
2020-03-09,0.20978,0.21561,0.20536,0.21166,
2020-03-10,0.21180,0.21366,0.19946,0.20820,
2020-03-11,0.20813,0.20978,0.12828,0.13566,
2020-03-12,0.13504,0.16562,0.10535,0.15836,
2020-03-13,0.15794,0.15990,0.14378,0.14594,
2020-03-14,0.14632,0.16408,0.14459,0.15304,
2020-03-15,0.15305,0.15305,0.12862,0.14056,
2020-03-16,0.14102,0.15166,0.13995,0.14712,
2020-03-17,0.14742,0.14925,0.14056,0.14736,
2020-03-18,0.14780,0.17162,0.14437,0.16461,
2020-03-19,0.16489,0.17454,0.14631,0.15697,
2020-03-20,0.15712,0.16150,0.15202,0.15794,
2020-03-21,0.15754,0.16160,0.14671,0.14770,
2020-03-22,0.14710,0.16101,0.14592,0.15857,
2020-03-23,0.15924,0.16366,0.15707,0.16225,
2020-03-24,0.16192,0.16485,0.15722,0.16167,
2020-03-25,0.16242,0.17728,0.16003,0.17614,
2020-03-26,0.17609,0.18713,0.16981,0.17275,
2020-03-27,0.17075,0.17978,0.16659,0.17540,
2020-03-28,0.17576,0.17647,0.16199,0.16297,
2020-03-29,0.16284,0.17531,0.16251,0.17105,
2020-03-30,0.17104,0.17783,0.17050,0.17347,
2020-03-31,0.17365,0.17594,0.16823,0.17496,
2020-04-01,0.17571,0.18601,0.17403,0.17836,
2020-04-02,0.17794,0.18271,0.17605,0.17952,
2020-04-03,0.17945,0.18278,0.17775,0.18120,
2020-04-04,0.18136,0.18201,0.17669,0.17928,
2020-04-05,0.17922,0.19823,0.17922,0.19810,
2020-04-06,0.19767,0.20501,0.18992,0.19285,
2020-04-07,0.19281,0.20258,0.19164,0.20193,
2020-04-08,0.20185,0.20225,0.19474,0.19827,
2020-04-09,0.19843,0.19869,0.18178,0.18764,
2020-04-10,0.18765,0.19203,0.18505,0.18863,
2020-04-11,0.18850,0.18961,0.18850,0.18961,
2020-04-12,0.18356,0.18924,0.18112,0.18768,
2020-04-13,0.18770,0.18899,0.18368,0.18604,
2020-04-14,0.18600,0.18969,0.18011,0.18053,
2020-04-15,0.17938,0.19280,0.17439,0.19061,
2020-04-16,0.19050,0.19185,0.18654,0.18864,
2020-04-17,0.18902,0.19680,0.18842,0.19542,
2020-04-18,0.19563,0.19587,0.18792,0.18886,
2020-04-19,0.18897,0.19448,0.17846,0.18152,
2020-04-20,0.18122,0.18605,0.18117,0.18339,
2020-04-21,0.18319,0.18948,0.18205,0.18802,
2020-04-22,0.18806,0.19924,0.18564,0.19251,
2020-04-23,0.19237,0.19681,0.19220,0.19312,
2020-04-24,0.19332,0.19755,0.19173,0.19418,
2020-04-25,0.19392,0.19771,0.19302,0.19617,
2020-04-26,0.19623,0.19928,0.19422,0.19749,
2020-04-27,0.19750,0.21799,0.19469,0.21461,
2020-04-28,0.21413,0.23030,0.21386,0.22623,
2020-04-29,0.22648,0.23546,0.20837,0.21139,
2020-04-30,0.21128,0.22392,0.21128,0.21768,
2020-05-01,0.21772,0.22565,0.21534,0.22381,
2020-05-02,0.22367,0.22647,0.21610,0.21933,
2020-05-03,0.21947,0.22043,0.20737,0.21807,
2020-05-04,0.21789,0.22201,0.21392,0.21701,
2020-05-05,0.21715,0.22233,0.21143,0.21143,
2020-05-06,0.21177,0.22033,0.21025,0.21849,
2020-05-07,0.21874,0.22183,0.21431,0.21869,
2020-05-08,0.21861,0.22500,0.21615,0.21644,
2020-05-09,0.21603,0.21624,0.18477,0.19745,
2020-05-10,0.19709,0.20006,0.18520,0.19250,
2020-05-11,0.19214,0.19983,0.19135,0.19713,
2020-05-12,0.19716,0.20391,0.19578,0.20175,
2020-05-13,0.20184,0.20621,0.19925,0.20386,
2020-05-14,0.20405,0.20464,0.19628,0.19815,
2020-05-15,0.19815,0.20183,0.19666,0.19970,
2020-05-16,0.19932,0.20447,0.19889,0.20126,
2020-05-17,0.20138,0.20786,0.20121,0.20540,
2020-05-18,0.20530,0.20658,0.20129,0.20494,
2020-05-19,0.20466,0.20608,0.19779,0.20171,
2020-05-20,0.20156,0.20304,0.19029,0.19429,
2020-05-21,0.19417,0.20235,0.19246,0.20036,
2020-05-22,0.20033,0.20211,0.19818,0.19877,
2020-05-23,0.19883,0.20120,0.19291,0.19292,
2020-05-24,0.19200,0.19715,0.18983,0.19605,
2020-05-25,0.19621,0.19685,0.19173,0.19378,
2020-05-26,0.19388,0.19985,0.19367,0.19797,
2020-05-27,0.19777,0.20093,0.19504,0.20028,
2020-05-28,0.20079,0.20283,0.19645,0.19755,
2020-05-29,0.19758,0.20800,0.19603,0.20700,
2020-05-30,0.20681,0.21348,0.20071,0.20249,
2020-05-31,0.20216,0.21205,0.20132,0.21081,
2020-06-01,0.21112,0.21464,0.19814,0.20312,
2020-06-02,0.20306,0.20468,0.20108,0.20413,
2020-06-03,0.20420,0.20719,0.20144,0.20439,
2020-06-04,0.20427,0.20576,0.20175,0.20282,
2020-06-05,0.20269,0.20475,0.20140,0.20360,
2020-06-06,0.20360,0.20492,0.19901,0.20332,
2020-06-07,0.20337,0.20430,0.20146,0.20406,
2020-06-08,0.20423,0.20518,0.20037,0.20121,
2020-06-09,0.20136,0.20380,0.20062,0.20262,
2020-06-10,0.20271,0.20359,0.18473,0.18864,
2020-06-11,0.18809,0.19500,0.18703,0.19298,
2020-06-12,0.19300,0.19374,0.19085,0.19233,
2020-06-13,0.19240,0.19249,0.18882,0.19022,
2020-06-14,0.19015,0.19338,0.18216,0.19237,
2020-06-15,0.19240,0.19386,0.19013,0.19235,
2020-06-16,0.19236,0.19861,0.18899,0.19315,
2020-06-17,0.19317,0.19322,0.18827,0.18978,
2020-06-18,0.18975,0.18999,0.18673,0.18720,
2020-06-19,0.18722,0.18891,0.18555,0.18787,
2020-06-20,0.18796,0.18831,0.18572,0.18600,
2020-06-21,0.18589,0.19008,0.18572,0.18927,
2020-06-22,0.18959,0.19041,0.18834,0.18887,
2020-06-23,0.18888,0.19011,0.18185,0.18347,
2020-06-24,0.18347,0.18404,0.17914,0.18156,
2020-06-25,0.18143,0.18675,0.17878,0.18251,
2020-06-26,0.18248,0.18344,0.16988,0.17512,
2020-06-27,0.17501,0.17980,0.17341,0.17706,
2020-06-28,0.17715,0.17913,0.17529,0.17720,
2020-06-29,0.17735,0.17772,0.17497,0.17525,
2020-06-30,0.17533,0.17808,0.17385,0.17646,
2020-07-01,0.17620,0.17715,0.17240,0.17478,
2020-07-02,0.17468,0.17858,0.17433,0.17637,
2020-07-03,0.17605,0.17943,0.17605,0.17816,
2020-07-04,0.17808,0.17871,0.17381,0.17695,
2020-07-05,0.17709,0.18904,0.17646,0.18869,
2020-07-06,0.18879,0.18946,0.18314,0.18509,
2020-07-07,0.18509,0.20652,0.18403,0.20546,
2020-07-08,0.20536,0.21145,0.19745,0.20262,
2020-07-09,0.20266,0.20266,0.19317,0.19901,
2020-07-10,0.19910,0.20468,0.19810,0.20112,
2020-07-11,0.20112,0.20389,0.19785,0.20120,
2020-07-12,0.20118,0.20642,0.19430,0.19874,
2020-07-13,0.19864,0.19976,0.19504,0.19918,
2020-07-14,0.19910,0.19970,0.19654,0.19721,
2020-07-15,0.19728,0.19755,0.18905,0.19445,
2020-07-16,0.19452,0.19794,0.19141,0.19446,
2020-07-17,0.19441,0.20203,0.19397,0.19993,
2020-07-18,0.19970,0.20200,0.19583,0.19940,
2020-07-19,0.19965,0.20011,0.19221,0.19470,
2020-07-20,0.19464,0.20084,0.19402,0.19937,
2020-07-21,0.19949,0.20436,0.19614,0.20353,
2020-07-22,0.20367,0.21001,0.20163,0.20839,
2020-07-23,0.20844,0.20844,0.20201,0.20395,
2020-07-24,0.20391,0.21730,0.20357,0.21454,
2020-07-25,0.21462,0.22494,0.21286,0.21528,
2020-07-26,0.21522,0.22884,0.21084,0.22422,
2020-07-27,0.22445,0.23453,0.21720,0.23029,
2020-07-28,0.23062,0.25000,0.22957,0.24329,
2020-07-29,0.23785,0.24939,0.23785,0.24412,
2020-07-30,0.24493,0.26032,0.24185,0.25939,
2020-07-31,0.25947,0.29731,0.25573,0.29097,
2020-08-01,0.29069,0.32500,0.25070,0.28797,
2020-08-02,0.28880,0.31997,0.28453,0.30967,
2020-08-03,0.31046,0.31917,0.29159,0.30138,
2020-08-04,0.30167,0.30779,0.29176,0.30254,
2020-08-05,0.30228,0.31050,0.29740,0.30309,
2020-08-06,0.30306,0.30998,0.28242,0.29443,
2020-08-07,0.29440,0.29866,0.29027,0.29528,
2020-08-08,0.29521,0.29827,0.28249,0.28795,
2020-08-09,0.28790,0.29967,0.28400,0.29458,
2020-08-10,0.29459,0.30720,0.27045,0.28287,
2020-08-11,0.28254,0.28701,0.27322,0.28230,
2020-08-12,0.28229,0.29537,0.27268,0.29434,
2020-08-13,0.29552,0.30701,0.29096,0.29999,
2020-08-14,0.30015,0.30524,0.29398,0.29873,
2020-08-15,0.29903,0.30475,0.29250,0.30454,
2020-08-16,0.30487,0.32654,0.29763,0.31520,
2020-08-17,0.31503,0.32153,0.29868,0.30255,
2020-08-18,0.30273,0.30550,0.27947,0.28976,
2020-08-19,0.28981,0.29437,0.28467,0.29211,
2020-08-20,0.29197,0.29562,0.27809,0.27899,
2020-08-21,0.27903,0.28660,0.27350,0.28630,
2020-08-22,0.28595,0.28788,0.27760,0.28477,
2020-08-23,0.28492,0.29189,0.28236,0.28860,
2020-08-24,0.28836,0.28956,0.27090,0.27623,
2020-08-25,0.27589,0.28032,0.27400,0.27643,
2020-08-26,0.27642,0.27819,0.25500,0.26445,
2020-08-27,0.26486,0.27311,0.26003,0.27174,
2020-08-28,0.27183,0.27676,0.26869,0.27386,
2020-08-29,0.27376,0.28379,0.27376,0.28296,
2020-08-30,0.28307,0.28448,0.27812,0.28110,
2020-08-31,0.28092,0.29876,0.27643,0.29554,
2020-09-01,0.29510,0.30349,0.26681,0.27628,
2020-09-02,0.27593,0.27649,0.24039,0.24436,
2020-09-03,0.24472,0.26532,0.24127,0.25400,
2020-09-04,0.25395,0.25944,0.23138,0.23741,
2020-09-05,0.23650,0.24343,0.22990,0.23984,
2020-09-06,0.23984,0.24282,0.22992,0.24200,
2020-09-07,0.24234,0.24356,0.23129,0.23660,
2020-09-08,0.23671,0.24270,0.23310,0.23892,
2020-09-09,0.23895,0.24852,0.23895,0.24317,
2020-09-10,0.24310,0.24437,0.23731,0.24246,
2020-09-11,0.24255,0.24867,0.24023,0.24752,
2020-09-12,0.24749,0.25326,0.23777,0.24198,
2020-09-13,0.24187,0.24831,0.23940,0.24579,
2020-09-14,0.24564,0.24930,0.24228,0.24335,
2020-09-15,0.24331,0.25115,0.23479,0.24664,
2020-09-16,0.24681,0.25842,0.24653,0.25208,
2020-09-17,0.25212,0.25521,0.24649,0.25065,
2020-09-18,0.25005,0.25473,0.24760,0.25117,
2020-09-19,0.25075,0.25121,0.24250,0.24651,
2020-09-20,0.24582,0.24804,0.22963,0.23084,
2020-09-21,0.23105,0.23444,0.22955,0.23301,
2020-09-22,0.23277,0.23500,0.22037,0.22127,
2020-09-23,0.22164,0.23380,0.21977,0.23268,
2020-09-24,0.23271,0.24457,0.22966,0.24153,
2020-09-25,0.24170,0.24538,0.23782,0.24147,
2020-09-26,0.24145,0.24469,0.23754,0.24334,
2020-09-27,0.24325,0.24819,0.24047,0.24116,
2020-09-28,0.24085,0.24655,0.23843,0.24282,
2020-09-29,0.24262,0.24269,0.23799,0.24167,
2020-09-30,0.24191,0.24436,0.23452,0.23822,
2020-10-01,0.23769,0.23935,0.22862,0.23386,
2020-10-02,0.23399,0.23485,0.23261,0.23276,
2020-10-03,0.23268,0.25014,0.23159,0.24789,
2020-10-04,0.24800,0.25410,0.24634,0.25028,
2020-10-05,0.25058,0.25920,0.24140,0.24557,
2020-10-06,0.24505,0.25139,0.24104,0.24866,
2020-10-07,0.24870,0.25287,0.24213,0.25118,
2020-10-08,0.25126,0.25661,0.24960,0.25301,
2020-10-09,0.25300,0.25999,0.25294,0.25394,
2020-10-10,0.25380,0.25828,0.25330,0.25534,
2020-10-11,0.25542,0.25806,0.24888,0.25602,
2020-10-12,0.25613,0.25990,0.25279,0.25650,
2020-10-13,0.25652,0.25831,0.24614,0.24910,
2020-10-14,0.24894,0.24998,0.24341,0.24596,
2020-10-15,0.24564,0.24781,0.23797,0.24011,
2020-10-16,0.24015,0.24292,0.23869,0.24057,
2020-10-17,0.24034,0.24333,0.24008,0.24221,
2020-10-18,0.24235,0.24938,0.24015,0.24557,
2020-10-19,0.24558,0.25020,0.24150,0.24321,
2020-10-20,0.24324,0.25550,0.24257,0.25130,
2020-10-21,0.25086,0.26349,0.25086,0.25710,
2020-10-22,0.25707,0.25920,0.25034,0.25472,
2020-10-23,0.25486,0.25755,0.25255,0.25620,
2020-10-24,0.25613,0.25706,0.25118,0.25312,
2020-10-25,0.25313,0.25907,0.24346,0.24810,
2020-10-26,0.24812,0.25392,0.24774,0.25260,
2020-10-27,0.25270,0.25655,0.24440,0.24555,
2020-10-28,0.24534,0.24698,0.23964,0.24242,
2020-10-29,0.24237,0.24398,0.23068,0.23894,
2020-10-30,0.23906,0.24325,0.23744,0.23968,
2020-10-31,0.23951,0.24132,0.23671,0.23999,
2020-11-01,0.24010,0.24441,0.23295,0.23528,
2020-11-02,0.23499,0.24382,0.22811,0.23956,
2020-11-03,0.23966,0.24042,0.23292,0.23756,
2020-11-04,0.23783,0.24713,0.23716,0.24564,
2020-11-05,0.24574,0.26132,0.24519,0.25849,
2020-11-06,0.25868,0.26725,0.24505,0.24910,
2020-11-07,0.24811,0.25680,0.24735,0.25374,
2020-11-08,0.25374,0.25614,0.24576,0.25029,
2020-11-09,0.25059,0.26438,0.24831,0.25380,
2020-11-10,0.25380,0.25972,0.25231,0.25581,
2020-11-11,0.25596,0.25814,0.25250,0.25472,
2020-11-12,0.25490,0.26569,0.25388,0.26569,
2020-11-13,0.26642,0.27711,0.26178,0.26814,
2020-11-14,0.26876,0.27671,0.26420,0.26957,
2020-11-15,0.26880,0.28984,0.26755,0.28793,
2020-11-16,0.28817,0.30495,0.28748,0.30240,
2020-11-17,0.30247,0.30775,0.28336,0.29334,
2020-11-18,0.29368,0.30641,0.28409,0.30349,
2020-11-19,0.30244,0.33004,0.29742,0.32986,
2020-11-20,0.32989,0.46824,0.32989,0.46366,
2020-11-21,0.46298,0.49539,0.41083,0.44595,
2020-11-22,0.44755,0.61899,0.43330,0.61622,
2020-11-23,0.62200,0.77919,0.57843,0.69180,
2020-11-24,0.69246,0.72291,0.58857,0.63263,
2020-11-25,0.63009,0.65079,0.45871,0.53692,
2020-11-26,0.53613,0.58524,0.50403,0.56073,
2020-11-27,0.56280,0.64742,0.54101,0.62587,
2020-11-28,0.62553,0.63570,0.58490,0.60543,
2020-11-29,0.60666,0.67700,0.60000,0.66380,
2020-11-30,0.66387,0.67977,0.58724,0.61079,
2020-12-01,0.61151,0.63644,0.59560,0.63058,
2020-12-02,0.63087,0.64108,0.61506,0.63044,
2020-12-03,0.62937,0.63362,0.54401,0.55333,
2020-12-04,0.55322,0.59561,0.54925,0.58538,
2020-12-05,0.58531,0.62646,0.58064,0.62185,
2020-12-06,0.62315,0.62315,0.59134,0.60828,
2020-12-07,0.60812,0.61016,0.55189,0.55898,
2020-12-08,0.55926,0.60360,0.50417,0.58280,
2020-12-09,0.58457,0.58799,0.55397,0.57190,
2020-12-10,0.57282,0.58647,0.52786,0.54682,
2020-12-11,0.50720,0.54541,0.48581,0.50580,
2020-12-12,0.50541,0.52754,0.48641,0.51403,
2020-12-13,0.51307,0.51805,0.48990,0.49743,
2020-12-14,0.49808,0.50700,0.46500,0.46779,
2020-12-15,0.46806,0.57253,0.43959,0.57096,
2020-12-16,0.56830,0.65812,0.54310,0.57795,
2020-12-17,0.57731,0.61165,0.55162,0.58326,
2020-12-18,0.58481,0.60249,0.56658,0.57675,
2020-12-19,0.57647,0.58631,0.53249,0.55629,
2020-12-20,0.55464,0.56901,0.50000,0.51429,
2020-12-21,0.51574,0.52171,0.40264,0.44712,
2020-12-22,0.44502,0.44776,0.21501,0.26054,
2020-12-23,0.25649,0.37588,0.24268,0.33673,
2020-12-24,0.34445,0.38268,0.28282,0.31811,
2020-12-25,0.31661,0.32613,0.28476,0.29448,
2020-12-26,0.29491,0.30965,0.26790,0.28399,
2020-12-27,0.28395,0.30757,0.23769,0.24948,
2020-12-28,0.24797,0.24982,0.17442,0.22163,
2020-12-29,0.22145,0.23500,0.19197,0.21125,
2020-12-30,0.20999,0.22829,0.20548,0.21924,
2020-12-31,0.21912,0.24995,0.21641,0.23713,
2021-01-01,0.23762,0.23803,0.21110,0.22095,
2021-01-02,0.22106,0.23756,0.21554,0.22465,
2021-01-03,0.22589,0.25990,0.21800,0.23576,
2021-01-04,0.23603,0.24184,0.21828,0.22534,
2021-01-05,0.22563,0.27240,0.22154,0.24879,
2021-01-06,0.24912,0.36900,0.24579,0.32338,
2021-01-07,0.32448,0.34614,0.28550,0.32088,
2021-01-08,0.32219,0.33915,0.30632,0.32423,
2021-01-09,0.32493,0.36623,0.28936,0.31527,
2021-01-10,0.31498,0.31557,0.25561,0.28755,
2021-01-11,0.28693,0.30894,0.27800,0.29253,
2021-01-12,0.29254,0.31000,0.28538,0.30573,
2021-01-13,0.30601,0.30874,0.28363,0.29666,
2021-01-14,0.29678,0.30303,0.26282,0.28040,
2021-01-15,0.28040,0.29637,0.27531,0.27958,
2021-01-16,0.27915,0.28547,0.26882,0.27742,
2021-01-17,0.27780,0.28868,0.27177,0.28541,
2021-01-18,0.28552,0.32800,0.28411,0.29458,
2021-01-19,0.29425,0.31019,0.28026,0.29547,
2021-01-20,0.29517,0.30714,0.26031,0.26823,
2021-01-21,0.26813,0.27812,0.24255,0.27254,
2021-01-22,0.27224,0.28320,0.26572,0.27167,
2021-01-23,0.27168,0.27778,0.26868,0.27320,
2021-01-24,0.27330,0.28399,0.26709,0.26754,
2021-01-25,0.26727,0.27079,0.25809,0.26842,
2021-01-26,0.26828,0.26863,0.24441,0.25067,
2021-01-27,0.25018,0.26999,0.24726,0.26412,
2021-01-28,0.26426,0.31662,0.26042,0.28280,
2021-01-29,0.28389,0.50984,0.27906,0.44325,
2021-01-30,0.44066,0.50780,0.39051,0.49490,
2021-01-31,0.49492,0.75355,0.36095,0.37159,
2021-02-01,0.37215,0.41075,0.34113,0.37207,
2021-02-02,0.37303,0.41738,0.37303,0.39722,
2021-02-03,0.39801,0.47950,0.38081,0.44401,
2021-02-04,0.44863,0.47067,0.42640,0.45151,
2021-02-05,0.45204,0.45594,0.42672,0.44278,
2021-02-06,0.44399,0.45016,0.39766,0.41848,
2021-02-07,0.41717,0.46688,0.41287,0.45064,
2021-02-08,0.45157,0.48935,0.44991,0.47648,
2021-02-09,0.47826,0.53910,0.45045,0.50453,
2021-02-10,0.50666,0.53490,0.50161,0.52825,
2021-02-11,0.52950,0.61900,0.51963,0.60894,
2021-02-12,0.61250,0.64218,0.54792,0.63303,
2021-02-13,0.63380,0.63815,0.56565,0.59257,
2021-02-14,0.59551,0.60408,0.51172,0.54969,
2021-02-15,0.55038,0.57885,0.48674,0.51992,
2021-02-16,0.52245,0.55549,0.49368,0.53400,
2021-02-17,0.53981,0.55968,0.52201,0.53059,
2021-02-18,0.53204,0.57874,0.51494,0.56311,
2021-02-19,0.56535,0.58065,0.47501,0.51208,
2021-02-20,0.51227,0.55732,0.50519,0.54403,
2021-02-21,0.54655,0.64558,0.51615,0.56569,
2021-02-22,0.56859,0.57040,0.36750,0.47601,
2021-02-23,0.47997,0.49943,0.45178,0.46928,
2021-02-24,0.46855,0.48152,0.42538,0.43609,
2021-02-25,0.43323,0.45029,0.41320,0.42780,
2021-02-26,0.42801,0.45828,0.42800,0.43591,
2021-02-27,0.43577,0.43785,0.39337,0.41510,
2021-02-28,0.41570,0.45257,0.41215,0.44549,
2021-03-01,0.44545,0.45410,0.42294,0.43586,
2021-03-02,0.43553,0.46719,0.43139,0.44843,
2021-03-03,0.44783,0.49405,0.43613,0.48089,
2021-03-04,0.48096,0.48252,0.44674,0.45506,
2021-03-05,0.45498,0.47022,0.44995,0.46307,
2021-03-06,0.46371,0.46859,0.45731,0.46528,
2021-03-07,0.46643,0.48748,0.45527,0.47347,
2021-03-08,0.47413,0.48645,0.47181,0.48500,
2021-03-09,0.48693,0.48805,0.45596,0.46163,
2021-03-10,0.46160,0.46414,0.44092,0.45187,
2021-03-11,0.45375,0.46366,0.42537,0.43930,
2021-03-12,0.43912,0.46500,0.43273,0.45766,
2021-03-13,0.45913,0.46155,0.43903,0.43903,
2021-03-14,0.44130,0.44811,0.42363,0.43567,
2021-03-15,0.43574,0.52026,0.42750,0.46029,
2021-03-16,0.46126,0.48152,0.45451,0.47005,
2021-03-17,0.47012,0.49035,0.46575,0.46878,
2021-03-18,0.46848,0.47486,0.45970,0.46651,
2021-03-19,0.46613,0.54962,0.46470,0.52438,
2021-03-20,0.52621,0.54640,0.49580,0.51664,
2021-03-21,0.51637,0.59942,0.50241,0.54416,
2021-03-22,0.54456,0.59585,0.53822,0.55071,
2021-03-23,0.54915,0.56223,0.45402,0.48264,
2021-03-24,0.47993,0.52397,0.46037,0.51088,
2021-03-25,0.51038,0.57581,0.51038,0.56357,
2021-03-26,0.56457,0.57450,0.53450,0.54791,
2021-03-27,0.54706,0.56002,0.54033,0.54554,
2021-03-28,0.54654,0.56999,0.54385,0.56528,
2021-03-29,0.56619,0.58540,0.55910,0.56225,
2021-03-30,0.56207,0.57597,0.53136,0.56952,
2021-03-31,0.57009,0.59131,0.55096,0.57039,
2021-04-01,0.57239,0.60888,0.56579,0.60669,
2021-04-02,0.60868,0.64152,0.57497,0.57896,
2021-04-03,0.57602,0.63572,0.56911,0.63500,
2021-04-04,0.63800,0.93463,0.61959,0.91250,
2021-04-05,0.92242,1.11507,0.80976,1.09000,
2021-04-06,1.10007,1.10208,0.85980,0.91716,
2021-04-07,0.91739,1.07171,0.90375,1.05729,
2021-04-08,1.05962,1.08324,0.98506,1.01925,
2021-04-09,1.02087,1.39453,1.00699,1.37461,
2021-04-10,1.37867,1.48947,1.30940,1.35673,
2021-04-11,1.35390,1.47185,1.31973,1.46790,
2021-04-12,1.47454,1.88632,1.42199,1.79601,
2021-04-13,1.80646,1.96256,1.57000,1.83486,
2021-04-14,1.84454,1.88435,1.65912,1.75775,
2021-04-15,1.76914,1.80403,1.44524,1.54785,
2021-04-16,1.54715,1.73928,1.53117,1.53960,
2021-04-17,1.55062,1.56249,1.16812,1.40670,
2021-04-18,1.41695,1.53101,1.25750,1.30946,
2021-04-19,1.32362,1.44412,1.18280,1.38676,
2021-04-20,1.39191,1.46275,1.28300,1.29029,
2021-04-21,1.30301,1.41837,1.10690,1.15903,
2021-04-22,1.15489,1.19540,0.89201,1.17001,
2021-04-23,1.17099,1.17099,1.02202,1.04977,
2021-04-24,1.04995,1.15400,0.95140,1.03350,
2021-04-25,1.03850,1.36890,1.01750,1.36720,
2021-04-26,1.35690,1.45780,1.33090,1.40060,
2021-04-27,1.40140,1.44640,1.28740,1.35820,
2021-04-28,1.35890,1.41650,1.32860,1.39810,
2021-04-29,1.39840,1.63580,1.37620,1.59770,
2021-04-30,1.59230,1.66420,1.52870,1.65010,
2021-05-01,1.65170,1.65240,1.53160,1.56120,
2021-05-02,1.56010,1.61890,1.52340,1.55460,
2021-05-03,1.55660,1.55660,1.35140,1.39550,
2021-05-04,1.43680,1.62060,1.40160,1.61450,
2021-05-05,1.62410,1.75990,1.54660,1.60310,
2021-05-06,1.60840,1.68920,1.51170,1.58130,
2021-05-07,1.57860,1.62600,1.54160,1.56210,
2021-05-08,1.56200,1.59230,1.44930,1.53440,
2021-05-09,1.53440,1.62600,1.23700,1.39100,
2021-05-10,1.39410,1.48710,1.35730,1.47790,
2021-05-11,1.47760,1.54330,1.24380,1.27070,
2021-05-12,1.26310,1.38870,1.20870,1.36120,
2021-05-13,1.36260,1.44270,1.32230,1.40340,
2021-05-14,1.39980,1.58130,1.32470,1.48400,
2021-05-15,1.50540,1.60890,1.35120,1.44840,
2021-05-16,1.44830,1.56290,1.32630,1.49580,
2021-05-17,1.50100,1.69950,1.47370,1.59060,
2021-05-18,1.58960,1.64270,0.87920,1.06150,
2021-05-19,1.06640,1.26410,0.90970,1.18010,
2021-05-20,1.18000,1.21490,0.86580,1.00530,
2021-05-21,1.00590,1.01310,0.81980,0.90490,
2021-05-22,0.90280,0.96590,0.65050,0.79160,
2021-05-23,0.79520,0.99500,0.75640,0.99200,
2021-05-24,0.98650,1.05220,0.88030,0.97440,
2021-05-25,0.97620,1.06650,0.94890,1.03160,
2021-05-26,1.02770,1.04000,0.93390,0.96980,
2021-05-27,0.97340,0.98300,0.84750,0.89920,
2021-05-28,0.89770,0.93840,0.79440,0.83040,
2021-05-29,0.82990,0.92970,0.79850,0.90610,
2021-05-30,0.90260,1.04890,0.88320,1.04090,
2021-05-31,1.05180,1.09670,0.97750,1.01070,
2021-06-01,1.01220,1.04780,0.98150,1.02440,
2021-06-02,1.02290,1.07810,1.00770,1.04420,
2021-06-03,1.04590,1.04590,0.91950,0.96910,
2021-06-04,0.97040,0.99720,0.89690,0.92280,
2021-06-05,0.92260,0.94750,0.91750,0.94490,
2021-06-06,0.94750,0.97310,0.84860,0.86360,
2021-06-07,0.85990,0.88370,0.78550,0.87390,
2021-06-08,0.87300,0.91930,0.83170,0.91930,
2021-06-09,0.92020,0.92690,0.85360,0.86850,
2021-06-10,0.86800,0.87920,0.83430,0.84740,
2021-06-11,0.84760,0.84760,0.80610,0.83140,
2021-06-12,0.83450,0.88790,0.81850,0.88330,
2021-06-13,0.88380,0.92620,0.86320,0.89030,
2021-06-14,0.89030,0.90080,0.85940,0.86670,
2021-06-15,0.86540,0.87310,0.82610,0.83210,
2021-06-16,0.83190,0.86080,0.82490,0.84120,
2021-06-17,0.84130,0.84450,0.77140,0.79550,
2021-06-18,0.79720,0.80500,0.75570,0.76020,
2021-06-19,0.75830,0.78470,0.69830,0.77460,
2021-06-20,0.77540,0.77870,0.60560,0.60640,
2021-06-21,0.61040,0.64890,0.51000,0.54680,
2021-06-22,0.54310,0.66330,0.52240,0.63830,
2021-06-23,0.63850,0.69150,0.61730,0.67220,
2021-06-24,0.67570,0.68800,0.60400,0.61180,
2021-06-25,0.61270,0.63190,0.58200,0.61680,
2021-06-26,0.61570,0.65110,0.59740,0.64740,
2021-06-27,0.64830,0.65550,0.62430,0.64390,
2021-06-28,0.64410,0.72900,0.64220,0.70610,
2021-06-29,0.70650,0.71400,0.64920,0.70510,
2021-06-30,0.70470,0.70470,0.64660,0.66000,
2021-07-01,0.65880,0.66700,0.63390,0.65620,
2021-07-02,0.65610,0.68010,0.64390,0.67620,
2021-07-03,0.69400,0.70880,0.68750,0.69580,
2021-07-04,0.69600,0.69620,0.64610,0.65330,
2021-07-05,0.65300,0.67940,0.65190,0.66520,
2021-07-06,0.66450,0.67330,0.65030,0.65210,
2021-07-07,0.65140,0.65380,0.61160,0.62360,
2021-07-08,0.59780,0.64530,0.59360,0.63720,
2021-07-09,0.63600,0.64850,0.61340,0.62510,
2021-07-10,0.62460,0.64320,0.61720,0.63620,
2021-07-11,0.63620,0.65700,0.61930,0.62890,
2021-07-12,0.62880,0.63930,0.61030,0.61940,
2021-07-13,0.61910,0.62460,0.58690,0.61980,
2021-07-14,0.61960,0.62610,0.58860,0.59760,
2021-07-15,0.59800,0.61720,0.58810,0.58930,
2021-07-16,0.58910,0.59710,0.56790,0.58160,
2021-07-17,0.58180,0.60110,0.57300,0.58680,
2021-07-18,0.58660,0.58880,0.55440,0.55710,
2021-07-19,0.55720,0.56910,0.51770,0.52860,
2021-07-20,0.52760,0.58310,0.51990,0.57130,
2021-07-21,0.57090,0.60290,0.56100,0.59190,
2021-07-22,0.59200,0.60990,0.57630,0.60910,
2021-07-23,0.61030,0.61390,0.60220,0.60670,
2021-07-24,0.60080,0.60690,0.59110,0.60690,
2021-07-25,0.60690,0.67740,0.60500,0.62380,
2021-07-26,0.62360,0.65230,0.61260,0.64550,
2021-07-27,0.64480,0.75260,0.63110,0.73300,
2021-07-28,0.73220,0.76480,0.69770,0.74790,
2021-07-29,0.74910,0.76900,0.71530,0.75150,
2021-07-30,0.75210,0.75800,0.73810,0.74400,
2021-07-31,0.74620,0.77770,0.74100,0.75490,
